PMC,Protein,Drug,ProteinNames,DrugNames
PMC7522988,O00206,Pterin,"['Toll-like receptor 4', 'TOLL']","['Pterin', 'Pterine', 'Pterin']"
PMC8673433,O00206,XA,"['TLR4', 'TLR4', 'Toll-like receptor 4', 'TOLL']",['XA']
PMC8351238,O00206,XA,"['TLR4', 'TLR-4']",['XA']
PMC8673433,O00206,XA,"['TLR4', 'TLR4', 'Toll-like receptor 4', 'TOLL']",['XA']
PMC8351238,O00206,XA,"['TLR4', 'TLR-4']",['XA']
PMC4703520,O00206,XA,"['TLR4', 'TOLL', 'TLR-4']",['XA']
PMC4703520,O00206,XA,"['TLR4', 'TOLL', 'TLR-4']",['XA']
PMC8673433,O00206,XA,"['TLR4', 'TLR4', 'Toll-like receptor 4', 'TOLL']",['XA']
PMC7847520,O00206,XA,"['TLR4', 'Toll-like receptor 4', 'TOLL']",['XA']
PMC5574301,O00206,XA,"['TLR4', 'Toll-like receptor 4', 'TOLL']",['XA']
PMC4270526,O14920,PCA,"['IKK-2', 'IKK2']",['PCA']
PMC4270526,O14920,PCA,"['IKK-2', 'IKK2']",['PCA']
PMC4270526,O14920,PCA,"['IKK-2', 'IKK2']",['PCA']
PMC4057899,O14920,PCA,['IKK-2'],['PCA']
PMC3689961,O14920,XA,['IKK-2'],['XA']
PMC2679349,O94916,XA,"['Tonicity-responsive enhancer-binding protein', 'TonEBP']",['XA']
PMC11157872,P00533,PCA,['Genes'],['PCA']
PMC11145185,P00533,PCA,"['Genes', 'mENA']",['PCA']
PMC11145185,P00533,PCA,"['Genes', 'mENA']",['PCA']
PMC1855889,P00533,PGA,"['Genes', 'Genes']",['p-aminobenzoylglutamate']
PMC10767420,P00533,Pterin,['Genes'],"['Pterin', 'Pterin']"
PMC3500442,P00533,Pterin,['Genes'],"['Pterin', 'Pterin', 'Pterin']"
PMC7879786,P00533,XA,"['EGFR', 'epidermal growth factor receptor', 'Epidermal growth factor receptor']",['XA']
PMC7879786,P00533,XA,"['EGFR', 'epidermal growth factor receptor', 'Epidermal growth factor receptor']",['XA']
PMC6540419,P00533,XA,"['EGFR', 'epidermal growth factor receptor', 'Genes', 'Epidermal growth factor receptor', 'mENA']",['XA']
PMC10998944,P00533,XA,"['EGFR', 'Genes']",['XA']
PMC10505742,P00533,XA,['Genes'],['XA']
PMC8750090,P00533,XA,['Genes'],['XA']
PMC10998944,P00533,XA,"['EGFR', 'Genes']",['XA']
PMC9872381,P00533,XA,['Genes'],['XA']
PMC11021867,P00533,XA,['Genes'],"['Yeast powder', 'XA']"
PMC2892419,P00533,XA,['Genes'],"['XANTHOPTERIN', 'XA']"
PMC10998944,P00533,XA,"['EGFR', 'Genes']",['XA']
PMC2910361,P00533,XA,"['EGFR', 'epidermal growth factor receptor', 'Genes', 'Epidermal growth factor receptor']",['XA']
PMC10923034,P00533,XA,"['epidermal growth factor receptor', 'Epidermal growth factor receptor', 'ERBB']",['XA']
PMC11159033,P00533,XA,"['epidermal growth factor receptor', 'EGFR', 'epidermal growth factor receptor', 'Genes', 'Epidermal growth factor receptor', 'ERBB']",['XA']
PMC3064677,P00533,XA,"['HER1', 'EGFR', 'epidermal growth factor receptor', 'Genes', 'HER1', 'Epidermal growth factor receptor', 'mENA']",['XA']
PMC99897,P00533,XA,"['EGFR', 'erbB-1', 'Genes', 'ERBB']",['XA']
PMC9469493,P00533,XA,"['EGFR', 'epidermal growth factor receptor', 'Genes', 'HER1', 'Epidermal growth factor receptor']",['XA']
PMC10143525,P00533,XA,"['EGFR', 'epidermal growth factor receptor', 'Genes', 'Epidermal growth factor receptor']",['XA']
PMC6749213,P01033,PCA,"['EPA', 'Collagenase inhibitor']",['PCA']
PMC6749213,P01033,PCA,"['EPA', 'Collagenase inhibitor']",['PCA']
PMC4485619,P01033,XA,['EPA'],"['XA', 'XA']"
PMC7432763,P01106,XA,['Myc proto-oncogene protein'],['XA']
PMC8763629,P01137,PCA,['Transforming growth factor beta-1 proprotein'],['PCA']
PMC11153800,P01584,PCA,['IL-1'],['PCA']
PMC11153800,P01584,PCA,['IL-1'],['PCA']
PMC11153800,P01584,PCA,['IL-1'],['PCA']
PMC7522988,P01584,Pterin,['IL-1'],"['Pterin', 'Pterine', 'Pterin']"
PMC6082394,P01584,XA,"['IL-1', 'Interleukin-1 beta', 'interleukin 1 beta']",['XA']
PMC6082394,P01584,XA,"['IL-1', 'Interleukin-1 beta', 'interleukin 1 beta']",['XA']
PMC6082394,P01584,XA,"['IL-1', 'Interleukin-1 beta', 'interleukin 1 beta']",['XA']
PMC5864157,P01584,XA,"['IL-1', 'Interleukin-1 beta']",['XA']
PMC6406568,P01584,XA,['IL-1'],['XA']
PMC8070612,P04085,PCA,"['PDGFA', 'PDGFA', 'Platelet-derived growth factor subunit A', 'PDGF-A']",['PCA']
PMC8070612,P04085,PCA,"['PDGFA', 'PDGFA', 'Platelet-derived growth factor subunit A', 'PDGF-A']",['PCA']
PMC7823877,P04085,PCA,"['Platelet-derived growth factor subunit A', 'PDGF-A']",['PCA']
PMC8070612,P04085,PCA,"['PDGFA', 'PDGFA', 'Platelet-derived growth factor subunit A', 'PDGF-A']",['PCA']
PMC8070612,P04085,PCA,"['PDGFA', 'PDGFA', 'Platelet-derived growth factor subunit A', 'PDGF-A']",['PCA']
PMC7823877,P04085,PCA,"['Platelet-derived growth factor subunit A', 'PDGF-A']",['PCA']
PMC8070612,P04085,PCA,"['PDGFA', 'PDGFA', 'Platelet-derived growth factor subunit A', 'PDGF-A']",['PCA']
PMC8070612,P04085,PCA,"['PDGFA', 'PDGFA', 'Platelet-derived growth factor subunit A', 'PDGF-A']",['PCA']
PMC11077643,P04085,PCA,['PDGFA'],['PCA']
PMC11077643,P04085,PCA,['PDGFA'],['PCA']
PMC11077643,P04085,PCA,['PDGFA'],['PCA']
PMC11077643,P04085,PCA,['PDGFA'],['PCA']
PMC508843,P04085,XA,['PDGF-A'],['XA']
PMC11161954,P04637,PCA,"['P53', 'Genes', 'p53']",['PCA']
PMC11161954,P04637,PCA,"['P53', 'Genes', 'p53']",['PCA']
PMC11157872,P04637,PCA,['Genes'],['PCA']
PMC11162070,P04637,PCA,['Genes'],['PCA']
PMC11157872,P04637,PCA,['Genes'],['PCA']
PMC11161954,P04637,PCA,"['P53', 'Genes', 'p53']",['PCA']
PMC11161954,P04637,PCA,"['P53', 'Genes', 'p53']",['PCA']
PMC7504403,P04637,PCA,"['Tumor suppressor p53', 'Phosphoprotein p53', 'P53', 'Genes', 'p53']",['PCA']
PMC7504403,P04637,PCA,"['Tumor suppressor p53', 'Phosphoprotein p53', 'P53', 'Genes', 'p53']",['PCA']
PMC7504403,P04637,PCA,"['Tumor suppressor p53', 'Phosphoprotein p53', 'P53', 'Genes', 'p53']",['PCA']
PMC10662458,P04637,PCA,"['p53', 'P53', 'Genes', 'p53', 'TRP53', 'TP53']",['PCA']
PMC1855889,P04637,PGA,"['Genes', 'Genes']",['p-aminobenzoylglutamate']
PMC1855889,P04637,PGA,"['Genes', 'Genes']",['p-aminobenzoylglutamate']
PMC107711,P04637,PGA,['Genes'],['p-aminobenzoylglutamate']
PMC1855889,P04637,PGA,"['Genes', 'Genes']",['p-aminobenzoylglutamate']
PMC10767420,P04637,Pterin,['Genes'],"['Pterin', 'Pterin']"
PMC3500442,P04637,Pterin,['Genes'],"['Pterin', 'Pterin', 'Pterin']"
PMC2892419,P04637,XA,['Genes'],"['XANTHOPTERIN', 'XA']"
PMC10998944,P04637,XA,"['P53', 'Genes', 'p53']",['XA']
PMC11021867,P04637,XA,['Genes'],"['Yeast powder', 'XA']"
PMC6279493,P04637,XA,"['P53', 'Genes', 'p53', 'TP53']",['XA']
PMC6279493,P04637,XA,"['P53', 'Genes', 'p53', 'TP53']",['XA']
PMC9469493,P04637,XA,"['P53', 'Genes', 'p53', 'TP53']",['XA']
PMC11048093,P05019,PCA,"['IGF1', 'IGF', 'Insulin-like growth factor I', 'IGF-I']",['PCA']
PMC11048093,P05019,PCA,"['IGF1', 'IGF', 'Insulin-like growth factor I', 'IGF-I']",['PCA']
PMC11048093,P05019,PCA,"['IGF1', 'IGF', 'Insulin-like growth factor I', 'IGF-I']",['PCA']
PMC11048093,P05019,PCA,"['IGF1', 'IGF', 'Insulin-like growth factor I', 'IGF-I']",['PCA']
PMC11154753,P05019,PCA,"['Insulin-like growth factor I', 'IGF1', 'IGF']",['PCA']
PMC11154753,P05019,PCA,"['Insulin-like growth factor I', 'IGF1', 'IGF']",['PCA']
PMC5288139,P05019,XA,"['IGF1', 'IGF', 'Insulin-like growth factor I', 'IGF-I']",['XA']
PMC3834873,P05019,XA,"['IGF', 'IGFI', 'IGF-I']",['XA']
PMC1852543,P05019,XA,"['IGF', 'IGF1', 'IGF', 'Insulin-like growth factor I', 'IGF-I']",['XA']
PMC6434033,P05019,XA,['IGF'],['XA']
PMC6434033,P05019,XA,['IGF'],['XA']
PMC4705462,P05019,XA,"['IGF', 'Mechano growth factor', 'Insulin-like growth factor I', 'IGF-I', 'MGF']",['XA']
PMC11149358,P05112,PCA,['IL-4'],['PCA']
PMC11149358,P05112,PCA,['IL-4'],['PCA']
PMC11149358,P05112,PCA,['IL-4'],['PCA']
PMC11130314,P05112,PCA,['IL-4'],['PCA']
PMC11083560,P05112,PCA,"['Interleukin-4', 'IL-4']",['PCA']
PMC11130314,P05112,PCA,['IL-4'],['PCA']
PMC11130314,P05112,PCA,['IL-4'],['PCA']
PMC11083560,P05112,PCA,"['Interleukin-4', 'IL-4']",['PCA']
PMC11130314,P05112,PCA,['IL-4'],['PCA']
PMC11149358,P05112,PCA,['IL-4'],['PCA']
PMC11149358,P05112,PCA,['IL-4'],['PCA']
PMC1942012,P05112,XA,"['Interleukin-4', 'Interleukin-4', 'IL-4']",['XA']
PMC1942012,P05112,XA,"['Interleukin-4', 'Interleukin-4', 'IL-4']",['XA']
PMC11153800,P05231,PCA,['IL-6'],['PCA']
PMC11153800,P05231,PCA,['IL-6'],['PCA']
PMC7425811,P05231,PGA,"['Interleukin-6', 'IL-6']","['L-N-(p-Aminobenzoyl)glutamic acid', 'para-aminobenzoylglutamic acid']"
PMC7425811,P05231,PGA,"['Interleukin-6', 'IL-6']","['L-N-(p-Aminobenzoyl)glutamic acid', 'para-aminobenzoylglutamic acid']"
PMC7425811,P05231,PGA,"['Interleukin-6', 'IL-6']","['L-N-(p-Aminobenzoyl)glutamic acid', 'para-aminobenzoylglutamic acid']"
PMC7425811,P05231,PGA,"['Interleukin-6', 'IL-6']","['L-N-(p-Aminobenzoyl)glutamic acid', 'para-aminobenzoylglutamic acid']"
PMC7425811,P05231,PGA,"['Interleukin-6', 'IL-6']","['L-N-(p-Aminobenzoyl)glutamic acid', 'para-aminobenzoylglutamic acid']"
PMC7425811,P05231,PGA,"['Interleukin-6', 'IL-6']","['L-N-(p-Aminobenzoyl)glutamic acid', 'para-aminobenzoylglutamic acid']"
PMC7425811,P05231,PGA,"['Interleukin-6', 'IL-6']","['L-N-(p-Aminobenzoyl)glutamic acid', 'para-aminobenzoylglutamic acid']"
PMC7425811,P05231,PGA,"['Interleukin-6', 'IL-6']","['L-N-(p-Aminobenzoyl)glutamic acid', 'para-aminobenzoylglutamic acid']"
PMC7425811,P05231,PGA,"['Interleukin-6', 'IL-6']","['L-N-(p-Aminobenzoyl)glutamic acid', 'para-aminobenzoylglutamic acid']"
PMC7425811,P05231,PGA,"['Interleukin-6', 'IL-6']","['L-N-(p-Aminobenzoyl)glutamic acid', 'para-aminobenzoylglutamic acid']"
PMC7425811,P05231,PGA,"['Interleukin-6', 'IL-6']","['L-N-(p-Aminobenzoyl)glutamic acid', 'para-aminobenzoylglutamic acid']"
PMC7522988,P05231,Pterin,['IL-6'],"['Pterin', 'Pterine', 'Pterin']"
PMC7522988,P05231,Pterin,['IL-6'],"['Pterin', 'Pterine', 'Pterin']"
PMC3959821,P05231,XA,['HSF'],['XA']
PMC10669250,P05231,XA,"['IL6', 'IL-6']",['XA']
PMC10638910,P05231,XA,['HGF'],['XA']
PMC6082394,P05231,XA,"['Interleukin-6', 'interleukin 6', 'IL-6']",['XA']
PMC11050415,P05362,PCA,"['ICAM1', 'intercellular adhesion molecule 1', 'Intercellular adhesion molecule 1', 'ICAM-1']",['PCA']
PMC1571874,P05362,PGA,['ICAM-1'],['PGA']
PMC4357386,P05362,Pterin,['ICAM-1'],"['Pterin', 'Pterin']"
PMC4357386,P05362,Pterin,['ICAM-1'],"['Pterin', 'Pterin']"
PMC6366850,P05362,XA,['ICAM-1'],['XA']
PMC4837236,P05362,XA,"['intercellular adhesion molecule 1', 'Intercellular adhesion molecule 1']",['XA']
PMC4369428,P05362,XA,['ICAM-1'],['XA']
PMC6366850,P05362,XA,['ICAM-1'],['XA']
PMC2697688,P08069,XA,['Insulin-like growth factor I receptor'],['XA']
PMC231885,P08069,XA,"['Insulin-like growth factor 1 receptor', 'IGF-I receptor', 'Insulin-like growth factor I receptor']",['XA']
PMC7086450,P08253,XA,"['Matrix metalloproteinase-2', 'MMP-2']",['XA']
PMC11122885,P09038,PCA,"['BFGF', 'bFGF', 'Basic fibroblast growth factor']",['PCA']
PMC11122885,P09038,PCA,"['BFGF', 'bFGF', 'Basic fibroblast growth factor']",['PCA']
PMC11122885,P09038,PCA,"['BFGF', 'bFGF', 'Basic fibroblast growth factor']",['PCA']
PMC11122885,P09038,PCA,"['BFGF', 'bFGF', 'Basic fibroblast growth factor']",['PCA']
PMC10638910,P09038,XA,"['BFGF', 'bFGF']",['XA']
PMC8124367,P09038,XA,"['Fibroblast growth factor 2', 'BFGF', 'FGF2', 'Fibroblast growth factor 2', 'bFGF', 'Basic fibroblast growth factor', 'fibroblast growth factor 2']",['XA']
PMC4227195,P09038,XA,"['Fibroblast growth factor 2', 'FGF-2', 'Basic fibroblast growth factor']",['XA']
PMC8124367,P09038,XA,"['Fibroblast growth factor 2', 'BFGF', 'FGF2', 'Fibroblast growth factor 2', 'bFGF', 'Basic fibroblast growth factor', 'fibroblast growth factor 2']",['XA']
PMC10638910,P09038,XA,"['BFGF', 'bFGF']",['XA']
PMC11149092,P10145,PCA,"['IL-8', 'Interleukin-8', 'NAF', 'LECT']",['PCA']
PMC11149092,P10145,PCA,"['IL-8', 'Interleukin-8', 'NAF', 'LECT']",['PCA']
PMC11149092,P10145,PCA,"['IL-8', 'Interleukin-8', 'NAF', 'LECT']",['PCA']
PMC7425811,P10145,PGA,"['IL-8', 'LECT']","['L-N-(p-Aminobenzoyl)glutamic acid', 'para-aminobenzoylglutamic acid']"
PMC7425811,P10145,PGA,"['IL-8', 'LECT']","['L-N-(p-Aminobenzoyl)glutamic acid', 'para-aminobenzoylglutamic acid']"
PMC7425811,P10145,PGA,"['IL-8', 'LECT']","['L-N-(p-Aminobenzoyl)glutamic acid', 'para-aminobenzoylglutamic acid']"
PMC7425811,P10145,PGA,"['IL-8', 'LECT']","['L-N-(p-Aminobenzoyl)glutamic acid', 'para-aminobenzoylglutamic acid']"
PMC7425811,P10145,PGA,"['IL-8', 'LECT']","['L-N-(p-Aminobenzoyl)glutamic acid', 'para-aminobenzoylglutamic acid']"
PMC7425811,P10145,PGA,"['IL-8', 'LECT']","['L-N-(p-Aminobenzoyl)glutamic acid', 'para-aminobenzoylglutamic acid']"
PMC7425811,P10145,PGA,"['IL-8', 'LECT']","['L-N-(p-Aminobenzoyl)glutamic acid', 'para-aminobenzoylglutamic acid']"
PMC7425811,P10145,PGA,"['IL-8', 'LECT']","['L-N-(p-Aminobenzoyl)glutamic acid', 'para-aminobenzoylglutamic acid']"
PMC7425811,P10145,PGA,"['IL-8', 'LECT']","['L-N-(p-Aminobenzoyl)glutamic acid', 'para-aminobenzoylglutamic acid']"
PMC7425811,P10145,PGA,"['IL-8', 'LECT']","['L-N-(p-Aminobenzoyl)glutamic acid', 'para-aminobenzoylglutamic acid']"
PMC7425811,P10145,PGA,"['IL-8', 'LECT']","['L-N-(p-Aminobenzoyl)glutamic acid', 'para-aminobenzoylglutamic acid']"
PMC7425811,P10145,PGA,"['IL-8', 'LECT']","['L-N-(p-Aminobenzoyl)glutamic acid', 'para-aminobenzoylglutamic acid']"
PMC3049152,P10145,Pterin,"['IL-8', 'Interleukin-8', 'IL8', 'NAF', 'LECT']","['Pterin', 'Pterine', 'Pterin']"
PMC8525858,P10145,XA,"['IL-8', 'IL-8', 'Interleukin-8', 'IL8', 'LECT']",['XA']
PMC4694011,P10145,XA,"['IL-8', 'Interleukin-8', 'NAF', 'LECT']",['XA']
PMC9549756,P10145,XA,"['IL-8', 'LECT', 'CXCL8']",['XA']
PMC9549756,P10145,XA,"['IL-8', 'LECT', 'CXCL8']",['XA']
PMC5363410,P11047,PCA,"['Laminin', 'gamma 1', 'LAMC1', 'laminin subunit gamma 1', 'Laminin']",['PCA']
PMC10959701,P11047,PCA,"['Laminin', 'gamma 1', 'LAMC1', 'Laminin']",['PCA']
PMC10959701,P11047,PCA,"['Laminin', 'gamma 1', 'LAMC1', 'Laminin']",['PCA']
PMC10959701,P11047,PCA,"['Laminin', 'gamma 1', 'LAMC1', 'Laminin']",['PCA']
PMC1887104,P11047,XA,['Laminin'],['XA']
PMC1887104,P11047,XA,['Laminin'],['XA']
PMC6434033,P11047,XA,['Laminin'],['XA']
PMC11142689,P14780,PCA,"['MMP-9', 'MMP-9']",['PCA']
PMC11142689,P14780,PCA,"['MMP-9', 'MMP-9']",['PCA']
PMC5372875,P14780,XA,"['Matrix metalloproteinase-9', 'MMP-9']",['XA']
PMC6894087,P14780,XA,"['Gelatinase B', 'MMP-9']",['XA']
PMC2363077,P14780,XA,"['92 kDa type IV collagenase', 'Gelatinase B', '92 kDa type IV collagenase', 'MMP-9']",['XA']
PMC1220651,P14780,XA,['GELB'],['XA']
PMC10638910,P15692,XA,"['VEGF-A', 'VPF', 'VEGF']",['XA']
PMC3767384,P15692,XA,"['vascular endothelial growth factor A', 'Vascular endothelial growth factor A', 'VEGF-A', 'VEGF']",['XA']
PMC10638910,P15692,XA,"['VEGF-A', 'VPF', 'VEGF']",['XA']
PMC3767384,P15692,XA,"['vascular endothelial growth factor A', 'Vascular endothelial growth factor A', 'VEGF-A', 'VEGF']",['XA']
PMC3767384,P15692,XA,"['vascular endothelial growth factor A', 'Vascular endothelial growth factor A', 'VEGF-A', 'VEGF']",['XA']
PMC10638910,P15692,XA,"['VEGF-A', 'VPF', 'VEGF']",['XA']
PMC6827910,P15692,XA,"['VEGF-A', 'vascular endothelial growth factor A', 'Vascular endothelial growth factor A', 'VEGF-A', 'VEGF']",['XA']
PMC8725916,P15692,XA,"['VEGF', 'VEGFA', 'VEGF']",['XA']
PMC10456557,P16035,PCA,['TIMP-2'],['PCA']
PMC5795962,P16035,XA,['TIMP-2'],['XA']
PMC6279493,P17948,XA,['FLT'],['XA']
PMC10900626,P20248,PCA,['Cyclin A'],['PCA']
PMC6367584,P20248,XA,['Cyclin A'],['XA']
PMC2897932,P20248,XA,['Cyclin A'],['XA']
PMC6367584,P20248,XA,['Cyclin A'],['XA']
PMC4431406,P20248,XA,['Cyclin A'],['XA']
PMC11117905,P22301,PCA,"['IL-10', 'interleukin 10', 'Interleukin-10']",['PCA']
PMC11117905,P22301,PCA,"['IL-10', 'interleukin 10', 'Interleukin-10']",['PCA']
PMC7581551,P22301,Pterin,"['IL-10', 'IL10', 'Interleukin-10']","['Pterin', 'Pterin']"
PMC9549756,P22301,XA,['IL-10'],['XA']
PMC9549756,P22301,XA,['IL-10'],['XA']
PMC9549756,P22301,XA,['IL-10'],['XA']
PMC8849140,P22301,XA,['IL-10'],['XA']
PMC9549756,P22301,XA,['IL-10'],['XA']
PMC11106961,P28482,PCA,"['ERK', 'MAPK1', 'p38']",['PCA']
PMC11106961,P28482,PCA,"['ERK', 'MAPK1', 'p38']",['PCA']
PMC5301278,P28482,PCA,['p41'],['6-Carboxypterin']
PMC5432002,P28482,Pterin,"['ERK', 'p41']","['Pterin', 'Pterin']"
PMC8623081,P28482,XA,"['ERK', 'p38']",['XA']
PMC10210024,P28482,XA,"['MAP kinase 2', 'ERK', 'p38']",['XA']
PMC7762527,P28482,XA,"['ERK', 'ERK']",['XA']
PMC6757920,P28482,XA,"['Mitogen-activated protein kinase 1', 'ERK', 'ERK2', 'p38']",['XA']
PMC3943818,P28482,XA,"['ERK', 'p38']",['XA']
PMC1218972,P28482,XA,"['Mitogen-activated protein kinase 1', 'ERK', 'ERK-2']",['XA']
PMC1217921,P28482,XA,"['Mitogen-activated protein kinase 1', 'ERK', 'P42MAPK']",['XA']
PMC4703520,P28482,XA,['p40'],['XA']
PMC6940926,P28482,XA,"['MAPK 2', 'ERK', 'p38']",['XA']
PMC6940926,P28482,XA,"['MAPK 2', 'ERK', 'p38']",['XA']
PMC5016702,P28482,XA,"['MAP kinase 2', 'ERK', 'ERK2', 'Extracellular signal-regulated kinase 2', 'p38']",['XA']
PMC6940926,P28482,XA,"['MAPK 2', 'ERK', 'p38']",['XA']
PMC9469493,P28482,XA,"['ERK', 'p38']",['XA']
PMC9830776,P28482,XA,"['ERK', 'ERK', 'p38']",['XA']
PMC6940926,P28482,XA,"['MAPK 2', 'ERK', 'p38']",['XA']
PMC7762527,P28482,XA,"['ERK', 'ERK']",['XA']
PMC4133815,P28482,XA,"['ERK', 'ERK', 'ERK2', 'Extracellular signal-regulated kinase 2', 'p38']",['XA']
PMC6275968,P28482,XA,"['MAPK 2', 'P42MAPK']",['XA']
PMC2755982,P28482,XA,"['MAPK 2', 'ERK', 'p38']",['XA']
PMC1572256,P28482,XA,"['MAPK 2', 'ERK', 'ERK2', 'p38']",['XA']
PMC6829050,P28482,XA,"['ERK', 'p41', 'p40', 'p38']",['XA']
PMC8393335,P29279,PCA,['Cellular communication network factor 2'],['PCA']
PMC5414773,P29279,XA,['Connective tissue growth factor'],['XA']
PMC10530627,P30291,PCA,['WEE1'],['PCA']
PMC8997343,P30291,PCA,"['WEE1 G2 checkpoint kinase', 'WEE1 G2 checkpoint kinase', 'WEE1']",['PCA']
PMC8997343,P30291,PCA,"['WEE1 G2 checkpoint kinase', 'WEE1 G2 checkpoint kinase', 'WEE1']",['PCA']
PMC3946707,P30291,XA,['WEE1'],['XA']
PMC2716006,P31749,XA,"['Protein kinase B', 'PKB', 'Protein kinase B']",['XA']
PMC8805934,P31749,XA,['Protein kinase B'],['XA']
PMC8507220,P31749,XA,['Protein kinase B'],['XA']
PMC11058304,P32248,PCA,"['CCR7', 'CCR7']",['PCA']
PMC11058304,P32248,PCA,"['CCR7', 'CCR7']",['PCA']
PMC11106909,P35354,PCA,"['Cyclooxygenase-2', 'Prostaglandin-endoperoxide synthase 2', 'COX-2']",['PCA']
PMC11106909,P35354,PCA,"['Cyclooxygenase-2', 'Prostaglandin-endoperoxide synthase 2', 'COX-2']",['PCA']
PMC11106909,P35354,PCA,"['Cyclooxygenase-2', 'Prostaglandin-endoperoxide synthase 2', 'COX-2']",['PCA']
PMC7522988,P35354,Pterin,['COX-2'],"['Pterin', 'Pterine', 'Pterin']"
PMC11036016,P35354,XA,"['COX-2', 'Cyclooxygenase-2', 'COX-2']",['XA']
PMC10998944,P35354,XA,"['COX-2', 'COX-2']",['XA']
PMC11036016,P35354,XA,"['COX-2', 'Cyclooxygenase-2', 'COX-2']",['XA']
PMC2836106,P35354,XA,"['Prostaglandin-endoperoxide synthase 2', 'Prostaglandin-endoperoxide synthase 2', 'COX-2']",['XA']
PMC2377106,P35968,PGA,"['VEGFR', 'FLK-1', 'VEGFR', 'VEGFR-2', 'KDR', 'VEGFR2']",['(4-Aminobenzoyl)-L-glutamic acid']
PMC6783109,P35968,XA,"['FLK-1', 'KDR', 'Fetal liver kinase 1']",['XA']
PMC2910361,P35968,XA,"['VEGFR', 'VEGFR', 'VEGFR-2']",['XA']
PMC2910361,P35968,XA,"['VEGFR', 'VEGFR', 'VEGFR-2']",['XA']
PMC2910361,P35968,XA,"['VEGFR', 'VEGFR', 'VEGFR-2']",['XA']
PMC9534909,P35968,XA,"['VEGFR', 'VEGFR', 'VEGFR-2', 'VEGFR2']",['XA']
PMC6349158,P35968,XA,"['VEGFR', 'VEGFR2']",['XA']
PMC2910361,P35968,XA,"['VEGFR', 'VEGFR', 'VEGFR-2']",['XA']
PMC2910361,P35968,XA,"['VEGFR', 'VEGFR', 'VEGFR-2']",['XA']
PMC9504159,P35968,XA,"['VEGFR', 'VEGFR', 'VEGFR2']",['XA']
PMC2910361,P35968,XA,"['VEGFR', 'VEGFR', 'VEGFR-2']",['XA']
PMC2910361,P35968,XA,"['VEGFR', 'VEGFR', 'VEGFR-2']",['XA']
PMC2910361,P35968,XA,"['VEGFR', 'VEGFR', 'VEGFR-2']",['XA']
PMC6725132,P42574,XA,['Caspase-3'],['XA']
PMC6728948,P42574,XA,"['Caspase-3', 'caspase 3']",['XA']
PMC9469493,P42574,XA,['caspase 3'],['XA']
PMC9469493,P42574,XA,['caspase 3'],['XA']
PMC9469493,P42574,XA,['caspase 3'],['XA']
PMC8623081,P42574,XA,['Caspase-3'],['XA']
PMC28047,P42574,XA,"['caspase 3', 'Caspase-3', 'caspase 3', 'CASP-3']",['XA']
PMC8424290,P43220,PGA,"['GLP-1', 'glucagon-like peptide 1 receptor', 'GLP-1', 'Glucagon-like peptide 1 receptor']",['PGA']
PMC5371560,P43220,Pterin,['glucagon-like peptide 1 receptor'],"['Pterin', 'Pterin']"
PMC5371560,P43220,Pterin,['glucagon-like peptide 1 receptor'],"['Pterin', 'Pterin']"
PMC5371560,P43220,Pterin,['glucagon-like peptide 1 receptor'],"['Pterin', 'Pterin']"
PMC5371560,P43220,Pterin,['glucagon-like peptide 1 receptor'],"['Pterin', 'Pterin']"
PMC8146373,P43220,XA,"['glucagon-like peptide 1 receptor', 'GLP-1', 'Glucagon-like peptide 1 receptor', 'GLP-1R']",['XA']
PMC8146373,P43220,XA,"['glucagon-like peptide 1 receptor', 'GLP-1', 'Glucagon-like peptide 1 receptor', 'GLP-1R']",['XA']
PMC8146373,P43220,XA,"['glucagon-like peptide 1 receptor', 'GLP-1', 'Glucagon-like peptide 1 receptor', 'GLP-1R']",['XA']
PMC8146373,P43220,XA,"['glucagon-like peptide 1 receptor', 'GLP-1', 'Glucagon-like peptide 1 receptor', 'GLP-1R']",['XA']
PMC5443909,P43246,PCA,"['hMSH2', 'hMSH2']",['PCA']
PMC6421392,P60484,XA,['Phosphatase and tensin homolog'],['XA']
PMC10695158,P84022,PCA,"['SMAD3', 'Smad3']",['PCA']
PMC10695158,P84022,PCA,"['SMAD3', 'Smad3']",['PCA']
PMC10695158,P84022,PCA,"['SMAD3', 'Smad3']",['PCA']
PMC1698849,P84022,XA,"['SMAD 3', 'SMAD3', 'Smad3']",['XA']
PMC1698849,P84022,XA,"['SMAD 3', 'SMAD3', 'Smad3']",['XA']
PMC3191102,Q03135,Pterin,['Caveolin-1'],"['Pterin', 'Pterin']"
PMC10997670,Q15796,PCA,"['Mothers against decapentaplegic homolog 2', 'SMAD2', 'Smad2']",['PCA']
PMC10997670,Q15796,PCA,"['Mothers against decapentaplegic homolog 2', 'SMAD2', 'Smad2']",['PCA']
PMC10997670,Q15796,PCA,"['Mothers against decapentaplegic homolog 2', 'SMAD2', 'Smad2']",['PCA']
PMC10997670,Q15796,PCA,"['Mothers against decapentaplegic homolog 2', 'SMAD2', 'Smad2']",['PCA']
PMC2430079,Q15796,XA,"['SMAD 2', 'SMAD2', 'Smad2']",['XA']
PMC11144210,Q16236,PCA,"['nuclear factor', 'NRF2', 'Nuclear factor']",['PCA']
PMC11143312,Q16236,PCA,"['nuclear factor', 'NRF2', 'Nuclear factor']",['PCA']
PMC11144210,Q16236,PCA,"['nuclear factor', 'NRF2', 'Nuclear factor']",['PCA']
PMC11143312,Q16236,PCA,"['nuclear factor', 'NRF2', 'Nuclear factor']",['PCA']
PMC11144210,Q16236,PCA,"['nuclear factor', 'NRF2', 'Nuclear factor']",['PCA']
PMC11143312,Q16236,PCA,"['nuclear factor', 'NRF2', 'Nuclear factor']",['PCA']
PMC11144210,Q16236,PCA,"['nuclear factor', 'NRF2', 'Nuclear factor']",['PCA']
PMC11143312,Q16236,PCA,"['nuclear factor', 'NRF2', 'Nuclear factor']",['PCA']
PMC11144210,Q16236,PCA,"['nuclear factor', 'NRF2', 'Nuclear factor']",['PCA']
PMC11127102,Q16236,PCA,"['nuclear factor', 'NRF2', 'Nuclear factor']",['PCA']
PMC11144210,Q16236,PCA,"['nuclear factor', 'NRF2', 'Nuclear factor']",['PCA']
PMC11127102,Q16236,PCA,"['nuclear factor', 'NRF2', 'Nuclear factor']",['PCA']
PMC11144210,Q16236,PCA,"['nuclear factor', 'NRF2', 'Nuclear factor']",['PCA']
PMC11127102,Q16236,PCA,"['nuclear factor', 'NRF2', 'Nuclear factor']",['PCA']
PMC11144210,Q16236,PCA,"['nuclear factor', 'NRF2', 'Nuclear factor']",['PCA']
PMC11127102,Q16236,PCA,"['nuclear factor', 'NRF2', 'Nuclear factor']",['PCA']
PMC6312759,Q16236,Pterin,"['nuclear factor', 'Nuclear factor']","['Pterin', 'Pterin']"
PMC6312759,Q16236,Pterin,"['nuclear factor', 'Nuclear factor']","['Pterin', 'Pterin']"
PMC1682436,Q16236,Pterin,"['nuclear factor', 'Nuclear factor']","['Pterin', 'Pterin']"
PMC9596610,Q16236,XA,"['NRF2', 'nuclear factor', 'like 2', 'NRF2', 'Nuclear factor']",['XA']
PMC8702315,Q16236,XA,"['Nrf-2', 'nuclear factor', 'NRF2', 'Nrf-2', 'Nuclear factor']",['XA']
PMC9970826,Q16236,XA,"['nuclear factor', 'Nuclear factor']",['XA']
PMC8525858,Q16236,XA,"['Nrf-2', 'nuclear factor', 'NRF2', 'Nrf-2', 'Nuclear factor erythroid 2-related factor 2', 'NFE2L2', 'Nuclear factor']",['XA']
PMC8525858,Q16236,XA,"['Nrf-2', 'nuclear factor', 'NRF2', 'Nrf-2', 'Nuclear factor erythroid 2-related factor 2', 'NFE2L2', 'Nuclear factor']",['XA']
PMC9596610,Q16236,XA,"['NRF2', 'nuclear factor', 'like 2', 'NRF2', 'Nuclear factor']",['XA']
PMC9970826,Q16236,XA,"['nuclear factor', 'Nuclear factor']",['XA']
PMC9596610,Q16236,XA,"['NRF2', 'nuclear factor', 'like 2', 'NRF2', 'Nuclear factor']",['XA']
PMC9596610,Q16236,XA,"['NRF2', 'nuclear factor', 'like 2', 'NRF2', 'Nuclear factor']",['XA']
PMC9596610,Q16236,XA,"['NRF2', 'nuclear factor', 'like 2', 'NRF2', 'Nuclear factor']",['XA']
PMC9596610,Q16236,XA,"['NRF2', 'nuclear factor', 'like 2', 'NRF2', 'Nuclear factor']",['XA']
PMC9596610,Q16236,XA,"['NRF2', 'nuclear factor', 'like 2', 'NRF2', 'Nuclear factor']",['XA']
PMC3035612,Q16236,XA,"['nuclear factor', 'NRF2', 'NFE2L2', 'Nuclear factor']",['XA']
PMC9596610,Q16236,XA,"['NRF2', 'nuclear factor', 'like 2', 'NRF2', 'Nuclear factor']",['XA']
PMC3035612,Q16236,XA,"['nuclear factor', 'NRF2', 'NFE2L2', 'Nuclear factor']",['XA']
PMC8702315,Q16236,XA,"['Nrf-2', 'nuclear factor', 'NRF2', 'Nrf-2', 'Nuclear factor']",['XA']
PMC9596610,Q16236,XA,"['NRF2', 'nuclear factor', 'like 2', 'NRF2', 'Nuclear factor']",['XA']
PMC8525858,Q16236,XA,"['Nrf-2', 'nuclear factor', 'NRF2', 'Nrf-2', 'Nuclear factor erythroid 2-related factor 2', 'NFE2L2', 'Nuclear factor']",['XA']
PMC7074132,Q16236,XA,"['nuclear factor', 'NRF2', 'Nuclear factor']",['XA']
PMC6747508,Q16236,XA,"['NRF2', 'Nrf-2']",['XA']
PMC5362459,Q16236,XA,['NRF2'],['XA']
PMC8702315,Q16236,XA,"['Nrf-2', 'nuclear factor', 'NRF2', 'Nrf-2', 'Nuclear factor']",['XA']
PMC8525858,Q16236,XA,"['Nrf-2', 'nuclear factor', 'NRF2', 'Nrf-2', 'Nuclear factor erythroid 2-related factor 2', 'NFE2L2', 'Nuclear factor']",['XA']
PMC7074132,Q16236,XA,"['nuclear factor', 'NRF2', 'Nuclear factor']",['XA']
PMC3234879,Q16236,XA,"['nuclear factor', 'nuclear factor', 'NRF2', 'Nuclear factor']",['XA']
PMC2696200,Q16236,XA,"['Nuclear factor erythroid 2-related factor 2', 'nuclear factor', 'NRF2', 'Nuclear factor erythroid 2-related factor 2', 'Nuclear factor']",['XA']
PMC11001995,Q16539,PCA,['RK'],['PCA']
PMC11132177,Q16539,PCA,"['RK', 'p38']",['PCA']
PMC11001995,Q16539,PCA,['RK'],['PCA']
PMC11132177,Q16539,PCA,"['RK', 'p38']",['PCA']
PMC11001995,Q16539,PCA,['RK'],['PCA']
PMC11132177,Q16539,PCA,"['RK', 'p38']",['PCA']
PMC11001995,Q16539,PCA,['RK'],['PCA']
PMC11132177,Q16539,PCA,"['RK', 'p38']",['PCA']
PMC9779658,Q16539,PCA,"['RK', 'p38']",['PCA']
PMC9779658,Q16539,PCA,"['RK', 'p38']",['PCA']
PMC9779658,Q16539,PCA,"['RK', 'p38']",['PCA']
PMC9779658,Q16539,PCA,"['RK', 'p38']",['PCA']
PMC8121251,Q16539,PCA,"['MAPK14', 'Mitogen-activated protein kinase p38 alpha', 'RK', 'p38']",['PCA']
PMC8121251,Q16539,PCA,"['MAPK14', 'Mitogen-activated protein kinase p38 alpha', 'RK', 'p38']",['PCA']
PMC8121251,Q16539,PCA,"['MAPK14', 'Mitogen-activated protein kinase p38 alpha', 'RK', 'p38']",['PCA']
PMC8121251,Q16539,PCA,"['MAPK14', 'Mitogen-activated protein kinase p38 alpha', 'RK', 'p38']",['PCA']
PMC3207433,Q16539,PGA,"['RK', 'p38']",['PGA']
PMC6017033,Q16539,XA,"['mitogen-activated protein kinase 14', 'RK', 'p38ALPHA', 'p38']",['XA']
PMC8623081,Q16539,XA,"['RK', 'p38']",['XA']
PMC10210024,Q16539,XA,"['p38', 'RK', 'p38']",['XA']
PMC4200820,Q16539,XA,"['RK', 'MAPK14', 'RK', 'p38']",['XA']
PMC6017033,Q16539,XA,"['mitogen-activated protein kinase 14', 'RK', 'p38ALPHA', 'p38']",['XA']
PMC6017033,Q16539,XA,"['mitogen-activated protein kinase 14', 'RK', 'p38ALPHA', 'p38']",['XA']
PMC1220651,Q16539,XA,"['SAPK2A', 'RK', 'SAPK2a', 'p38']",['XA']
PMC6017033,Q16539,XA,"['mitogen-activated protein kinase 14', 'RK', 'p38ALPHA', 'p38']",['XA']
PMC6017033,Q16539,XA,"['mitogen-activated protein kinase 14', 'RK', 'p38ALPHA', 'p38']",['XA']
PMC6017033,Q16539,XA,"['mitogen-activated protein kinase 14', 'RK', 'p38ALPHA', 'p38']",['XA']
PMC2266891,Q16539,XA,"['RK', 'p38ALPHA', 'p38']",['XA']
PMC3655899,Q16539,XA,"['RK', 'RK', 'p38']",['XA']
PMC6017033,Q16539,XA,"['mitogen-activated protein kinase 14', 'RK', 'p38ALPHA', 'p38']",['XA']
PMC6017033,Q16539,XA,"['mitogen-activated protein kinase 14', 'RK', 'p38ALPHA', 'p38']",['XA']
PMC6017033,Q16539,XA,"['mitogen-activated protein kinase 14', 'RK', 'p38ALPHA', 'p38']",['XA']
PMC1220651,Q16539,XA,"['SAPK2A', 'RK', 'SAPK2a', 'p38']",['XA']
PMC1136064,Q16539,XA,"['Mitogen-activated protein kinase p38 alpha', 'RK', 'CSBP', 'p38']",['XA']
